OBJECTID,GEOID20,ED,FIL,nbhdname,Total Population,White,Black,American Indian,Asian,Native Hawaiian,Some Other,Two or More,Hispanic
8,360290017001023,FIL-019,FIL-019,Seneca Babcock,0,0,0,0,0,0,0,0,0
9,360290017001022,FIL-019,FIL-019,Seneca Babcock,0,0,0,0,0,0,0,0,0
10,360290163002008,FIL-017,FIL-017,Seneca Babcock,19,3,5,0,0,0,4,7,13
11,360290163002007,FIL-019,FIL-019,Seneca Babcock,102,61,20,0,0,0,14,7,17
12,360290163002014,FIL-017,FIL-017,Seneca Babcock,73,44,21,0,0,0,3,5,12
17,360290163002006,FIL-017,FIL-017,Seneca Babcock,84,39,32,0,4,0,0,9,8
18,360290163002012,FIL-017,FIL-017,Seneca Babcock,78,54,13,7,0,0,0,4,7
37,360290071021001,FIL-007,FIL-007,Lower West Side,0,0,0,0,0,0,0,0,0
47,360290027031012,FIL-026,FIL-030,Broadway Fillmore,125,20,77,0,19,0,4,5,2
48,360290027031015,FIL-026,FIL-030,Broadway Fillmore,0,0,0,0,0,0,0,0,0
53,360290165002013,ELL-024,FIL-007,Central,0,0,0,0,0,0,0,0,0
54,360290165002022,ELL-024,FIL-007,Central,29,29,0,0,0,0,0,0,0
55,360290165001009,ELL-024,FIL-010,Central,0,0,0,0,0,0,0,0,0
56,360290165001019,ELL-024,FIL-007,Central,0,0,0,0,0,0,0,0,0
57,360290165001008,ELL-024,FIL-010,Central,19,7,8,0,2,0,0,2,0
58,360290165001014,ELL-024,FIL-010,Central,9,6,1,0,0,0,0,2,1
59,360290165001017,ELL-024,FIL-010,Central,0,0,0,0,0,0,0,0,0
60,360290165002017,ELL-024,FIL-010,Central,0,0,0,0,0,0,0,0,0
61,360290165002004,ELL-025,FIL-010,Central,20,15,3,0,0,0,0,2,2
62,360290165001007,ELL-024,FIL-010,Central,0,0,0,0,0,0,0,0,0
63,360290165001013,ELL-024,FIL-010,Central,31,26,3,0,0,0,2,0,4
65,360290165001004,ELL-025,FIL-010,Central,128,82,31,3,3,0,3,6,17
66,360290165001023,ELL-025,FIL-010,Central,18,10,6,1,1,0,0,0,2
67,360290165001057,FIL-007,FIL-007,Central,0,0,0,0,0,0,0,0,0
68,360290165001060,FIL-007,FIL-010,Central,20,16,2,0,1,0,0,1,1
69,360290165001033,ELL-029,FIL-010,Central,0,0,0,0,0,0,0,0,0
70,360290165001059,FIL-007,FIL-010,Central,0,0,0,0,0,0,0,0,0
71,360290072021015,FIL-008,FIL-008,Central,9,3,3,0,0,0,0,3,7
72,360290165001064,FIL-010,FIL-010,Central,29,24,4,0,0,0,0,1,1
146,360290005001023,SOU-000,FIL-013,First Ward,0,0,0,0,0,0,0,0,0
148,360290071031000,ELL-002,FIL-002,Lower West Side,186,81,43,0,0,0,40,22,78
162,360290071021010,FIL-007,FIL-007,Central,0,0,0,0,0,0,0,0,0
163,360290017001008,FIL-020,FIL-020,Broadway Fillmore,55,8,37,0,0,0,3,7,8
165,360290024005016,FIL-025,FIL-025,Lovejoy,0,0,0,0,0,0,0,0,0
178,360290016011016,FIL-025,FIL-021,Broadway Fillmore,0,0,0,0,0,0,0,0,0
179,360290068022005,FIL-002,FIL-002,Allentown,9,4,0,0,0,0,3,2,2
184,360290017001001,FIL-019,FIL-019,Broadway Fillmore,0,0,0,0,0,0,0,0,0
185,360290163002010,FIL-017,FIL-017,Seneca Babcock,12,7,1,0,0,0,0,4,1
186,360290163002000,FIL-019,FIL-019,Lovejoy,0,0,0,0,0,0,0,0,0
187,360290017001000,FIL-019,FIL-019,Broadway Fillmore,0,0,0,0,0,0,0,0,0
188,360290163002005,FIL-017,FIL-017,Seneca Babcock,58,43,0,0,2,0,7,6,11
189,360290163001005,FIL-019,FIL-019,Seneca Babcock,0,0,0,0,0,0,0,0,0
190,360290163001006,FIL-016,FIL-016,Seneca Babcock,53,30,11,0,6,0,0,6,8
195,360290028011010,FIL-028,FIL-028,Genesee-Moselle,48,11,11,0,14,0,3,9,9
196,360290028011002,FIL-028,FIL-028,Genesee-Moselle,92,10,51,0,3,0,5,23,17
199,360290028012003,FIL-028,FIL-028,Genesee-Moselle,122,38,61,4,2,0,12,5,17
201,360290028012001,FIL-028,FIL-028,Genesee-Moselle,103,17,39,2,37,0,1,7,7
202,360290024005003,FIL-025,FIL-025,Lovejoy,44,13,13,0,4,0,2,12,8
204,360290028012004,FIL-028,FIL-028,Genesee-Moselle,75,21,25,0,20,0,6,3,6
217,360290165001084,FIL-007,FIL-007,Central,0,0,0,0,0,0,0,0,0
219,360290165001083,FIL-010,FIL-010,Central,0,0,0,0,0,0,0,0,0
222,360290165001094,FIL-008,FIL-007,Central,0,0,0,0,0,0,0,0,0
225,360290165001090,FIL-000,FIL-010,Central,8,4,0,0,0,0,3,1,4
226,360290165001100,FIL-010,FIL-010,Central,0,0,0,0,0,0,0,0,0
227,360290165001098,FIL-010,FIL-010,Central,27,14,2,0,4,0,0,7,4
230,360290068011000,FIL-003,FIL-003,Allentown,66,30,28,1,2,0,0,5,9
253,360290028021010,FIL-032,FIL-032,Genesee-Moselle,27,5,20,0,0,0,0,2,0
254,360290029003004,FIL-011,FIL-011,Genesee-Moselle,44,1,32,1,1,0,5,4,4
255,360290029003005,FIL-011,FIL-011,Genesee-Moselle,108,3,39,2,59,0,2,3,2
310,360290068011001,FIL-003,FIL-003,Allentown,88,54,24,1,1,0,1,7,7
316,360290071023003,FIL-005,FIL-008,Lower West Side,145,50,20,1,6,0,44,24,80
317,360290068022008,FIL-004,FIL-004,Allentown,108,92,2,0,1,0,0,13,17
318,360290068021000,FIL-001,FIL-001,Allentown,195,154,19,0,9,0,1,12,3
319,360290068023000,FIL-001,FIL-001,Allentown,185,141,14,3,11,0,7,9,15
320,360290068011004,FIL-003,FIL-003,Allentown,30,15,1,0,11,0,0,3,1
321,360290068011012,FIL-003,FIL-036,Allentown,114,56,33,0,2,0,13,10,31
322,360290165002005,ELL-025,FIL-010,Central,0,0,0,0,0,0,0,0,0
323,360290071021005,FIL-007,FIL-007,Lower West Side,14,3,4,1,1,0,1,4,7
324,360290165001039,ELL-024,FIL-007,Central,0,0,0,0,0,0,0,0,0
326,360290015002001,FIL-020,FIL-020,Broadway Fillmore,43,1,35,0,4,0,0,3,8
329,360290016021005,FIL-022,FIL-022,Broadway Fillmore,59,5,44,0,5,0,4,1,6
330,360290016021015,FIL-023,FIL-023,Broadway Fillmore,83,11,15,0,53,0,0,4,3
331,360290016021017,FIL-024,FIL-024,Broadway Fillmore,66,1,36,0,13,0,8,8,12
364,360290165001034,ELL-029,FIL-010,Central,11,2,1,1,0,0,3,4,5
368,360290068011006,FIL-003,FIL-003,Allentown,180,100,39,0,10,0,10,21,27
391,360290071021003,FIL-007,FIL-007,Lower West Side,667,79,319,6,5,2,173,83,352
392,360290165002018,ELL-025,FIL-010,Central,62,54,0,0,8,0,0,0,2
393,360290071022001,FIL-006,FIL-006,Lower West Side,158,111,30,1,2,0,11,3,25
439,360290005001019,FIL-013,FIL-013,First Ward,29,23,3,0,0,0,3,0,6
443,360290164002032,FIL-015,FIL-038,Ellicott,0,0,0,0,0,0,0,0,0
444,360290164002010,FIL-018,FIL-018,Ellicott,18,12,1,0,2,0,2,1,9
445,360290164002007,FIL-018,FIL-018,Ellicott,14,9,2,0,0,0,3,0,4
446,360290164002026,FIL-015,FIL-038,Ellicott,27,10,3,0,0,0,13,1,16
447,360290164002022,FIL-018,FIL-018,Ellicott,38,28,6,1,0,0,0,3,4
448,360290164002038,FIL-015,FIL-015,Ellicott,0,0,0,0,0,0,0,0,0
453,360290165001096,FIL-008,FIL-008,Central,0,0,0,0,0,0,0,0,0
465,360290017001012,FIL-019,FIL-019,Broadway Fillmore,62,23,29,1,7,0,0,2,6
466,360290016011013,FIL-024,FIL-024,Broadway Fillmore,186,7,122,6,46,0,4,1,10
467,360290016011021,FIL-025,FIL-025,Broadway Fillmore,65,10,24,0,11,1,12,7,18
470,360290166001003,FIL-034,FIL-034,Broadway Fillmore,141,11,85,0,19,0,16,10,30
472,360290027031013,FIL-026,FIL-030,Broadway Fillmore,35,10,13,0,3,0,5,4,4
473,360290015001004,FIL-020,FIL-020,Broadway Fillmore,19,6,9,0,4,0,0,0,0
475,360290165001038,ELL-024,FIL-010,Central,3,1,0,0,2,0,0,0,0
476,360290165002012,ELL-024,FIL-006,Central,112,41,18,0,0,0,35,18,71
477,360290165001015,ELL-024,FIL-010,Central,0,0,0,0,0,0,0,0,0
478,360290165002016,ELL-025,FIL-010,Central,0,0,0,0,0,0,0,0,0
479,360290165001035,ELL-024,FIL-010,Central,10,0,2,1,1,0,4,2,5
480,360290165001036,ELL-024,FIL-010,Central,4,0,4,0,0,0,0,0,0
481,360290165001085,FIL-007,FIL-007,Central,0,0,0,0,0,0,0,0,0
482,360290165002019,ELL-025,FIL-010,Central,6,3,1,0,0,0,0,2,1
483,360290071042001,ELL-035,FIL-005,Lower West Side,89,31,0,3,0,0,24,31,64
484,360290071023006,FIL-005,FIL-008,Lower West Side,125,47,32,0,2,0,22,22,40
485,360290068023005,FIL-002,FIL-002,Allentown,198,164,2,0,7,0,14,11,20
486,360290068021001,FIL-001,FIL-001,Allentown,174,123,28,0,6,0,8,9,17
487,360290068011003,FIL-003,FIL-003,Allentown,35,21,4,0,0,0,5,5,9
488,360290165002007,ELL-025,FIL-010,Central,16,7,3,0,2,0,1,3,2
489,360290071022006,FIL-007,FIL-007,Lower West Side,48,34,3,4,0,0,0,7,11
490,360290165001040,ELL-024,FIL-007,Central,585,227,337,9,4,0,7,1,74
491,360290017001020,FIL-019,FIL-019,Broadway Fillmore,75,58,6,0,0,0,3,8,8
492,360290163002013,FIL-017,FIL-017,Seneca Babcock,43,29,8,1,2,0,0,3,11
496,360290017002020,FIL-018,FIL-039,Broadway Fillmore,6,0,2,0,0,0,2,2,4
500,360290017001005,FIL-019,FIL-000,Broadway Fillmore,0,0,0,0,0,0,0,0,0
501,360290017001013,FIL-019,FIL-019,Broadway Fillmore,30,21,2,0,0,0,0,7,4
502,360290027043004,FIL-027,FIL-027,Broadway Fillmore,125,5,21,0,76,0,9,14,12
503,360290016011011,FIL-024,FIL-024,Broadway Fillmore,45,6,21,0,10,0,1,7,9
504,360290028011005,FIL-028,FIL-028,Genesee-Moselle,47,9,18,0,2,0,5,13,10
505,360290016011005,FIL-021,FIL-021,Broadway Fillmore,126,39,52,0,16,1,8,10,32
518,360290164002008,FIL-018,FIL-018,Ellicott,20,6,2,0,0,0,8,4,12
568,360290166001002,FIL-034,FIL-034,Broadway Fillmore,117,4,75,1,24,0,5,8,9
569,360290015002002,FIL-020,FIL-020,Broadway Fillmore,22,0,16,0,5,0,1,0,3
571,360290016021008,FIL-020,FIL-020,Broadway Fillmore,39,0,23,0,12,1,2,1,1
572,360290015002000,FIL-020,FIL-020,Broadway Fillmore,38,4,33,0,0,0,0,1,2
575,360290166001001,FIL-034,FIL-034,Broadway Fillmore,101,17,62,2,13,0,0,7,16
576,360290166001000,FIL-026,FIL-014,Broadway Fillmore,93,14,35,2,34,0,2,6,4
580,360290016021006,FIL-022,FIL-022,Broadway Fillmore,34,7,24,0,2,0,1,0,3
581,360290016021004,FIL-023,FIL-023,Broadway Fillmore,58,4,31,0,13,0,2,8,5
582,360290027031009,FIL-026,FIL-030,Broadway Fillmore,75,22,6,4,33,0,3,7,1
583,360290027031016,FIL-026,FIL-030,Broadway Fillmore,310,40,106,0,147,0,6,11,9
584,360290016021003,FIL-023,FIL-023,Broadway Fillmore,69,2,37,0,0,0,4,26,26
585,360290016021001,FIL-024,FIL-024,Broadway Fillmore,22,14,3,2,0,0,0,3,3
586,360290027043005,FIL-027,FIL-027,Broadway Fillmore,196,14,48,2,128,0,0,4,3
587,360290016011014,FIL-024,FIL-024,Broadway Fillmore,62,31,16,3,5,0,0,7,8
588,360290016021000,FIL-024,FIL-024,Broadway Fillmore,54,7,4,0,40,0,2,1,2
589,360290015002013,FIL-020,FIL-020,Broadway Fillmore,16,0,15,0,1,0,0,0,0
591,360290015001002,FIL-020,FIL-020,Broadway Fillmore,24,2,18,0,0,0,0,4,0
592,360290015001000,FIL-020,FIL-020,Broadway Fillmore,30,1,23,0,2,0,0,4,4
702,360290071042006,ELL-035,FIL-005,Lower West Side,19,5,5,0,0,0,1,8,11
704,360290068022004,FIL-002,FIL-002,Allentown,130,102,15,0,6,0,7,0,8
713,360290016021024,FIL-022,FIL-022,Broadway Fillmore,24,4,16,0,1,0,1,2,2
718,360290005002017,FIL-013,FIL-013,First Ward,15,5,0,0,0,0,10,0,11
720,360290005002016,FIL-013,FIL-013,First Ward,0,0,0,0,0,0,0,0,0
721,360290005002015,FIL-013,FIL-013,First Ward,17,13,1,0,0,1,0,2,3
722,360290005002014,FIL-013,FIL-013,First Ward,24,20,1,0,0,0,0,3,3
737,360290067014001,NIA-025,FIL-029,Elmwood Bryant,422,283,83,3,9,0,10,34,42
741,360290067013001,ELL-014,FIL-001,Elmwood Bryant,243,85,106,3,14,0,17,18,28
746,360290067024002,ELL-015,FIL-033,Elmwood Bryant,205,140,29,3,17,0,3,13,13
800,360290016021009,FIL-020,FIL-020,Broadway Fillmore,46,1,34,0,1,0,10,0,11
801,360290016021023,FIL-022,FIL-022,Broadway Fillmore,48,6,32,0,0,0,5,5,8
806,360290072021006,FIL-008,FIL-008,Central,0,0,0,0,0,0,0,0,0
815,360290165001041,ELL-024,FIL-010,Central,0,0,0,0,0,0,0,0,0
816,360290165001011,ELL-024,FIL-007,Central,0,0,0,0,0,0,0,0,0
817,360290165001016,ELL-024,FIL-010,Central,0,0,0,0,0,0,0,0,0
818,360290165001037,ELL-024,FIL-010,Central,0,0,0,0,0,0,0,0,0
819,360290165001065,FIL-007,FIL-010,Central,4,0,0,0,0,0,1,3,3
820,360290071041005,FIL-005,FIL-002,Lower West Side,61,22,5,1,0,0,28,5,52
821,360290071022004,FIL-005,FIL-008,Lower West Side,134,76,15,1,1,0,20,21,43
822,360290068023001,FIL-001,FIL-001,Allentown,151,129,5,3,3,0,2,9,6
823,360290165002010,ELL-024,FIL-006,Central,0,0,0,0,0,0,0,0,0
824,360290071021007,FIL-007,FIL-007,Central,0,0,0,0,0,0,0,0,0
827,360290071042004,ELL-035,FIL-005,Lower West Side,92,27,16,0,0,0,33,16,65
828,360290071042005,ELL-035,FIL-005,Lower West Side,18,2,1,2,0,0,7,6,14
832,360290163002002,FIL-019,FIL-019,Lovejoy,0,0,0,0,0,0,0,0,0
835,360290163002001,FIL-019,FIL-019,Lovejoy,0,0,0,0,0,0,0,0,0
841,360290016021029,FIL-021,FIL-021,Broadway Fillmore,11,0,2,0,1,0,1,7,4
842,360290017001018,FIL-019,FIL-019,Broadway Fillmore,56,46,3,0,0,0,4,3,1
843,360290027043001,FIL-027,FIL-027,Broadway Fillmore,95,12,9,0,70,1,0,3,2
844,360290015001028,FIL-018,FIL-018,Broadway Fillmore,10,7,0,0,0,0,0,3,1
845,360290016021014,FIL-023,FIL-023,Broadway Fillmore,70,16,39,0,11,0,3,1,10
847,360290166001004,FIL-034,FIL-034,Broadway Fillmore,95,0,81,0,6,0,0,8,0
849,360290027031011,FIL-027,FIL-027,Broadway Fillmore,148,2,14,0,117,0,9,6,6
850,360290027031014,FIL-027,FIL-027,Broadway Fillmore,284,39,101,1,136,0,0,7,3
851,360290015002012,FIL-020,FIL-020,Broadway Fillmore,19,2,17,0,0,0,0,0,2
852,360290005001014,FIL-013,FIL-013,First Ward,22,17,3,0,0,0,0,2,6
853,360290005002010,FIL-013,FIL-013,First Ward,14,10,0,0,0,0,1,3,2
855,360290164005004,FIL-015,FIL-015,Ellicott,64,42,1,0,0,0,4,17,18
860,360290005001024,FIL-008,FIL-037,First Ward,5,0,2,0,0,0,0,3,4
909,360290165002006,ELL-025,FIL-010,Central,70,51,7,0,9,0,2,1,3
912,360290164002021,FIL-018,FIL-018,Ellicott,47,20,3,0,0,0,20,4,22
916,360290017002000,FIL-018,FIL-018,Broadway Fillmore,64,39,2,0,13,0,5,5,9
971,360290067023001,ELL-016,FIL-003,Elmwood Bryant,457,346,62,0,26,0,4,19,10
972,360290067021004,ELL-009,FIL-031,Elmwood Bryant,71,29,21,0,0,0,6,15,6
975,360290067023000,ELL-016,FIL-003,Elmwood Bryant,297,167,78,2,26,0,10,14,33
1033,360290165002011,ELL-024,FIL-006,Central,40,30,6,0,0,0,0,4,2
1036,360290005001016,FIL-013,FIL-013,First Ward,35,30,1,0,0,0,0,4,8
1039,360290005001020,FIL-013,FIL-013,First Ward,86,72,5,0,0,0,7,2,10
1043,360290028011004,FIL-028,FIL-028,Genesee-Moselle,108,8,74,0,12,0,10,4,18
1044,360290028011001,FIL-028,FIL-028,Genesee-Moselle,270,48,183,5,30,0,2,2,7
1046,360290163002009,FIL-017,FIL-017,Seneca Babcock,11,3,6,0,0,0,1,1,0
1047,360290164004002,FIL-015,FIL-015,Ellicott,0,0,0,0,0,0,0,0,0
1048,360290163002011,FIL-017,FIL-017,Seneca Babcock,32,7,13,0,3,0,3,6,5
1053,360290163001004,FIL-019,FIL-019,Seneca Babcock,47,28,5,0,5,0,2,7,14
1079,360290017002001,FIL-018,FIL-018,Broadway Fillmore,11,0,4,2,3,0,0,2,4
1081,360290028011000,FIL-028,FIL-028,Genesee-Moselle,129,14,71,0,21,0,11,12,12
1088,360290165001097,FIL-008,FIL-007,Central,0,0,0,0,0,0,0,0,0
1096,360290005002000,FIL-013,FIL-013,First Ward,66,58,0,0,0,0,0,8,8
1102,360290072021010,FIL-008,FIL-008,Central,17,4,5,0,2,0,0,6,12
1103,360290068021005,FIL-001,FIL-001,Allentown,170,81,69,2,2,0,10,6,28
1104,360290068022007,FIL-004,FIL-002,Allentown,109,82,5,5,0,0,5,12,14
1117,360290165001063,FIL-010,FIL-010,Central,0,0,0,0,0,0,0,0,0
1118,360290165001066,FIL-010,FIL-010,Central,101,77,7,2,7,0,0,8,3
1119,360290165001075,FIL-010,FIL-010,Central,0,0,0,0,0,0,0,0,0
1120,360290165001032,ELL-029,FIL-010,Central,18,12,2,0,0,0,0,4,6
1121,360290165001042,ELL-029,FIL-010,Central,248,193,13,0,21,0,9,12,20
1155,360290015001018,FIL-018,FIL-018,Broadway Fillmore,24,6,9,1,6,0,2,0,2
1156,360290015001022,FIL-018,FIL-018,Broadway Fillmore,15,5,8,0,0,0,0,2,1
1157,360290015001019,FIL-018,FIL-018,Broadway Fillmore,5,1,3,0,0,0,0,1,0
1158,360290164002001,FIL-018,FIL-018,Ellicott,24,4,16,0,2,0,0,2,2
1173,360290029003003,FIL-011,FIL-011,Genesee-Moselle,109,3,61,0,40,0,4,1,0
1176,360290029003002,FIL-011,FIL-011,Genesee-Moselle,75,3,56,0,0,0,16,0,2
1177,360290028021011,FIL-032,FIL-032,Genesee-Moselle,66,6,28,0,23,0,5,4,6
1178,360290028021012,FIL-032,FIL-032,Genesee-Moselle,28,3,18,0,0,0,5,2,10
1201,360290016021028,FIL-024,FIL-024,Broadway Fillmore,20,4,11,0,1,0,1,3,1
1202,360290017002007,FIL-018,FIL-039,Broadway Fillmore,19,13,2,0,3,0,0,1,1
1203,360290163001001,FIL-019,FIL-019,Seneca Babcock,15,11,1,0,0,0,3,0,11
1204,360290017001017,FIL-019,FIL-019,Broadway Fillmore,129,96,11,0,0,0,7,15,24
1205,360290027042000,FIL-027,FIL-027,Broadway Fillmore,19,3,0,0,4,0,1,11,8
1206,360290016011003,FIL-024,FIL-024,Broadway Fillmore,126,12,78,0,24,3,0,9,7
1207,360290017001002,FIL-019,FIL-019,Broadway Fillmore,39,21,16,0,0,0,0,2,5
1208,360290024005007,FIL-025,FIL-025,Lovejoy,54,11,29,0,5,0,4,5,8
1209,360290024005010,FIL-025,FIL-025,Lovejoy,86,22,22,2,32,0,5,3,10
1210,360290017002021,FIL-020,FIL-020,Broadway Fillmore,22,7,13,0,0,0,0,2,3
1211,360290015001029,FIL-018,FIL-018,Broadway Fillmore,11,6,3,1,0,0,0,1,1
1212,360290016021021,FIL-022,FIL-022,Broadway Fillmore,13,1,10,0,0,0,0,2,1
1213,360290017002004,FIL-018,FIL-039,Broadway Fillmore,12,3,0,0,0,0,6,3,6
1214,360290016021016,FIL-023,FIL-023,Broadway Fillmore,51,9,35,0,3,0,2,2,4
1216,360290166001005,FIL-034,FIL-034,Broadway Fillmore,142,0,135,0,1,0,0,6,3
1229,360290071021009,FIL-007,FIL-007,Central,0,0,0,0,0,0,0,0,0
1230,360290072021020,FIL-007,FIL-008,Central,0,0,0,0,0,0,0,0,0
1251,360290016021030,FIL-021,FIL-021,Broadway Fillmore,55,12,23,0,7,0,10,3,16
1252,360290016011004,FIL-021,FIL-021,Broadway Fillmore,0,0,0,0,0,0,0,0,0
1253,360290017002014,FIL-018,FIL-039,Broadway Fillmore,69,38,17,1,1,0,5,7,7
1254,360290163001002,FIL-019,FIL-019,Seneca Babcock,24,12,3,0,0,0,6,3,8
1255,360290017001011,FIL-019,FIL-019,Broadway Fillmore,72,42,16,0,4,0,3,7,7
1256,360290017001004,FIL-019,FIL-019,Broadway Fillmore,49,32,9,0,1,0,0,7,0
1257,360290016011000,FIL-019,FIL-000,Lovejoy,2,1,1,0,0,0,0,0,1
1258,360290017001010,FIL-019,FIL-019,Broadway Fillmore,90,65,11,0,1,0,3,10,6
1259,360290016011001,FIL-025,FIL-021,Broadway Fillmore,0,0,0,0,0,0,0,0,0
1260,360290017001016,FIL-019,FIL-019,Broadway Fillmore,107,61,28,0,0,0,11,7,16
1261,360290027042005,FIL-027,FIL-027,Broadway Fillmore,139,7,4,0,100,0,7,21,20
1264,360290027042004,FIL-027,FIL-027,Broadway Fillmore,127,9,4,0,102,0,2,10,5
1265,360290027043003,FIL-027,FIL-027,Broadway Fillmore,188,44,43,3,91,0,1,6,14
1266,360290027043002,FIL-027,FIL-027,Broadway Fillmore,149,8,38,0,97,0,2,4,0
1267,360290027042002,FIL-027,FIL-027,Broadway Fillmore,113,27,45,2,29,0,4,6,6
1268,360290027042001,FIL-027,FIL-027,Broadway Fillmore,82,10,7,0,65,0,0,0,0
1269,360290027043000,FIL-027,FIL-027,Broadway Fillmore,74,3,18,0,43,0,3,7,4
1270,360290017001009,FIL-019,FIL-019,Broadway Fillmore,78,56,18,0,0,0,0,4,3
1271,360290016011012,FIL-024,FIL-024,Broadway Fillmore,123,1,62,0,42,0,4,14,7
1272,360290016011022,FIL-024,FIL-024,Broadway Fillmore,39,6,10,1,9,0,6,7,13
1273,360290016011007,FIL-021,FIL-021,Broadway Fillmore,62,1,46,0,7,2,1,5,5
1274,360290016011008,FIL-021,FIL-021,Broadway Fillmore,72,9,58,1,0,1,0,3,4
1275,360290016011009,FIL-021,FIL-021,Broadway Fillmore,18,1,11,0,0,0,0,6,5
1276,360290016011006,FIL-021,FIL-021,Broadway Fillmore,94,16,64,0,6,0,8,0,15
1277,360290028011008,FIL-028,FIL-028,Genesee-Moselle,52,4,31,1,10,0,5,1,7
1278,360290016011019,FIL-025,FIL-025,Broadway Fillmore,105,34,46,1,13,0,1,10,7
1279,360290028011006,FIL-028,FIL-028,Genesee-Moselle,58,1,44,1,1,0,2,9,4
1280,360290016011020,FIL-025,FIL-025,Broadway Fillmore,82,5,26,0,42,0,2,7,10
1281,360290016011018,FIL-025,FIL-025,Broadway Fillmore,88,7,21,0,35,18,0,7,7
1282,360290024005006,FIL-025,FIL-025,Lovejoy,30,11,14,2,0,0,0,3,2
1283,360290024005008,FIL-025,FIL-025,Lovejoy,21,9,3,0,8,0,0,1,4
1284,360290024005009,FIL-025,FIL-025,Lovejoy,74,22,26,2,5,0,13,6,21
1285,360290024005015,FIL-025,FIL-025,Lovejoy,66,16,36,1,0,0,2,11,14
1286,360290024005014,FIL-025,FIL-025,Lovejoy,86,16,38,1,11,0,18,2,25
1287,360290024005013,FIL-025,FIL-025,Lovejoy,51,13,21,2,5,0,4,6,7
1304,360290005002013,FIL-013,FIL-013,First Ward,124,105,1,0,0,0,8,10,12
1305,360290164002036,FIL-015,FIL-015,Ellicott,0,0,0,0,0,0,0,0,0
1306,360290071041002,ELL-035,FIL-005,Lower West Side,59,21,13,2,8,0,8,7,19
1310,360290071041004,ELL-035,FIL-005,Lower West Side,23,11,2,1,0,1,0,8,15
1311,360290071041003,ELL-035,FIL-005,Lower West Side,135,32,12,1,7,0,56,27,85
1312,360290071042003,ELL-035,FIL-005,Lower West Side,100,25,14,2,22,0,19,18,43
1313,360290071021008,FIL-007,FIL-007,Central,0,0,0,0,0,0,0,0,0
1314,360290068022000,ELL-002,FIL-002,Allentown,77,53,5,0,1,0,8,10,10
1315,360290071041000,FIL-005,FIL-002,Lower West Side,106,75,15,2,0,1,4,9,22
1316,360290068022001,ELL-002,FIL-002,Allentown,102,77,2,4,3,0,8,8,18
1355,360290029003000,FIL-011,FIL-011,Genesee-Moselle,95,3,83,1,1,0,1,6,6
1356,360290029002002,FIL-011,FIL-011,Genesee-Moselle,46,4,33,0,7,0,1,1,2
1357,360290029002003,FIL-011,FIL-011,Genesee-Moselle,14,2,7,0,0,0,1,4,2
1358,360290028021006,FIL-032,FIL-032,Genesee-Moselle,17,9,4,0,2,0,2,0,6
1359,360290029002001,FIL-011,FIL-011,Genesee-Moselle,70,0,49,0,7,0,10,4,11
1360,360290028021004,FIL-032,FIL-032,Genesee-Moselle,62,2,35,0,9,0,6,10,7
1362,360290029002000,FIL-011,FIL-011,Genesee-Moselle,66,2,54,0,5,0,4,1,4
1413,360290164002000,FIL-018,FIL-018,Ellicott,18,10,4,0,0,0,0,4,4
1421,360290028021015,FIL-032,FIL-032,Genesee-Moselle,99,32,39,2,17,0,9,0,11
1423,360290164005003,FIL-013,FIL-013,Ellicott,26,21,0,0,2,0,3,0,5
1430,360290071041001,ELL-035,FIL-005,Lower West Side,103,13,27,1,0,0,34,28,73
1431,360290068022006,FIL-002,FIL-002,Allentown,68,57,2,0,3,0,5,1,7
1432,360290016011010,FIL-021,FIL-021,Broadway Fillmore,72,32,15,0,16,0,0,9,10
1434,360290016021027,FIL-024,FIL-024,Broadway Fillmore,65,8,46,0,6,0,5,0,5
1435,360290016021002,FIL-023,FIL-023,Broadway Fillmore,0,0,0,0,0,0,0,0,0
1439,360290028012000,FIL-028,FIL-028,Genesee-Moselle,211,39,94,2,51,0,9,16,10
1447,360290068022002,ELL-002,FIL-002,Allentown,124,76,13,9,0,0,9,17,26
1448,360290165001073,FIL-007,FIL-007,Central,3,0,0,0,0,0,2,1,0
1463,360290068022003,FIL-002,FIL-002,Allentown,106,83,3,0,0,0,14,6,25
1482,360290015001020,FIL-018,FIL-018,Broadway Fillmore,22,3,18,0,0,0,1,0,0
1495,360290165001051,ELL-029,FIL-010,Central,0,0,0,0,0,0,0,0,0
1499,360290165001018,ELL-024,FIL-010,Central,0,0,0,0,0,0,0,0,0
1500,360290165001012,ELL-025,FIL-010,Central,6,2,0,0,0,0,1,3,2
1501,360290165001072,FIL-007,FIL-010,Central,3,2,0,0,0,0,0,1,3
1503,360290005001021,FIL-013,FIL-013,First Ward,36,31,0,0,0,0,0,5,7
1504,360290017002005,FIL-018,FIL-039,Broadway Fillmore,55,29,12,0,1,0,10,3,16
1507,360290068023002,FIL-002,FIL-002,Allentown,85,73,4,0,3,0,0,5,7
1525,360290165001093,FIL-000,FIL-010,Central,0,0,0,0,0,0,0,0,0
1526,360290165001022,ELL-025,FIL-010,Central,15,7,3,0,1,0,0,4,1
1527,360290165001101,FIL-010,FIL-010,Central,0,0,0,0,0,0,0,0,0
1528,360290165001058,FIL-007,FIL-007,Central,0,0,0,0,0,0,0,0,0
1536,360290017001014,FIL-019,FIL-019,Broadway Fillmore,85,47,25,0,1,0,2,10,4
1539,360290163001012,FIL-019,FIL-019,Seneca Babcock,0,0,0,0,0,0,0,0,0
1540,360290024005017,FIL-025,FIL-021,Lovejoy,0,0,0,0,0,0,0,0,0
1667,360290072021000,ELL-034,FIL-008,Central,0,0,0,0,0,0,0,0,0
1668,360290072021018,FIL-007,FIL-007,Central,0,0,0,0,0,0,0,0,0
1669,360290072021019,FIL-007,FIL-007,Central,0,0,0,0,0,0,0,0,0
1670,360290165001086,FIL-007,FIL-008,Central,0,0,0,0,0,0,0,0,0
1671,360290165001078,FIL-007,FIL-007,Central,0,0,0,0,0,0,0,0,0
1672,360290165001076,FIL-007,FIL-007,Central,0,0,0,0,0,0,0,0,0
1674,360290164002035,FIL-015,FIL-015,Ellicott,20,16,2,0,0,0,0,2,2
1675,360290164002033,FIL-015,FIL-015,Ellicott,62,52,6,0,0,0,2,2,4
1676,360290163001007,FIL-016,FIL-016,Seneca Babcock,39,18,8,0,0,0,6,7,10
1688,360290071021000,FIL-005,FIL-008,Lower West Side,266,101,100,6,2,0,42,15,60
1693,360290067021002,ELL-008,FIL-031,Elmwood Bryant,191,149,13,0,15,0,7,7,4
1712,360290015001026,FIL-018,FIL-018,Broadway Fillmore,6,0,4,0,1,0,0,1,0
1717,360290029004006,FIL-011,FIL-011,Genesee-Moselle,118,4,94,0,15,0,1,4,1
1768,360290005002018,FIL-012,FIL-013,First Ward,34,23,3,0,0,0,1,7,7
1776,360290072021021,FIL-008,FIL-008,Central,83,70,0,0,2,2,1,8,10
1779,360290165001020,ELL-024,FIL-007,Central,0,0,0,0,0,0,0,0,0
1780,360290028011007,FIL-032,FIL-028,Genesee-Moselle,0,0,0,0,0,0,0,0,0
1784,360290068021004,ELL-002,FIL-002,Allentown,76,43,12,0,4,0,8,9,16
1789,360290024005005,FIL-025,FIL-025,Lovejoy,113,19,49,0,21,0,11,13,18
1790,360290165001061,FIL-007,FIL-010,Central,3,0,0,2,0,0,0,1,0
1791,360290164002027,FIL-015,FIL-038,Ellicott,21,10,7,0,0,0,0,4,4
1793,360290072021004,FIL-008,FIL-008,Central,26,16,2,0,0,0,0,8,7
1794,360290072021005,FIL-008,FIL-008,Central,175,153,6,0,6,0,3,7,9
1798,360290028021014,FIL-032,FIL-032,Genesee-Moselle,135,28,88,0,11,0,2,6,3
1799,360290028011003,FIL-028,FIL-028,Genesee-Moselle,104,0,75,3,1,0,22,3,25
1800,360290024005000,FIL-025,FIL-025,Lovejoy,150,49,94,0,0,0,4,3,6
1873,360290068022010,FIL-004,FIL-004,Allentown,112,74,17,6,3,0,5,7,9
1874,360290005001013,FIL-013,FIL-013,First Ward,43,31,6,2,1,0,0,3,2
1877,360290165001010,ELL-024,FIL-007,Central,20,12,8,0,0,0,0,0,0
1878,360290165001005,ELL-025,FIL-010,Central,38,30,4,0,0,0,0,4,4
1882,360290015001001,FIL-020,FIL-020,Broadway Fillmore,17,1,16,0,0,0,0,0,0
1883,360290015001031,FIL-018,FIL-018,Broadway Fillmore,19,9,5,2,3,0,0,0,2
1884,360290015001021,FIL-018,FIL-018,Broadway Fillmore,18,2,13,0,0,0,0,3,2
1921,360290005001022,FIL-013,FIL-013,First Ward,12,10,1,0,0,0,0,1,1
1923,360290165001088,FIL-008,FIL-007,Central,0,0,0,0,0,0,0,0,0
1924,360290165001074,FIL-007,FIL-007,Central,0,0,0,0,0,0,0,0,0
1927,360290165001087,FIL-008,FIL-008,Central,0,0,0,0,0,0,0,0,0
1928,360290165001089,FIL-008,FIL-007,Central,0,0,0,0,0,0,0,0,0
1929,360290068011013,FIL-003,FIL-036,Allentown,13,9,0,0,0,0,0,4,4
1937,360290017001015,FIL-019,FIL-019,Broadway Fillmore,27,16,1,0,2,0,2,6,2
1939,360290024005004,FIL-025,FIL-025,Lovejoy,151,47,91,0,4,0,4,5,19
1941,360290017001021,FIL-019,FIL-019,Broadway Fillmore,49,30,11,0,0,0,7,1,8
1969,360290017001003,FIL-019,FIL-019,Broadway Fillmore,23,14,2,0,5,0,0,2,1
1975,360290068011005,FIL-003,FIL-003,Allentown,171,127,22,0,11,0,4,7,5
1976,360290068023006,FIL-002,FIL-002,Allentown,89,63,3,0,8,0,5,10,14
1999,360290015001025,FIL-018,FIL-018,Broadway Fillmore,36,9,23,0,1,0,1,2,3
2000,360290017002011,FIL-018,FIL-039,Broadway Fillmore,3,1,0,0,1,0,0,1,2
2001,360290017002012,FIL-018,FIL-039,Broadway Fillmore,14,7,3,0,0,0,0,4,3
2002,360290016021013,FIL-023,FIL-023,Broadway Fillmore,17,4,9,0,0,0,0,4,2
2003,360290016021025,FIL-023,FIL-023,Broadway Fillmore,79,6,45,1,25,0,2,0,5
2004,360290016021018,FIL-024,FIL-024,Broadway Fillmore,46,7,26,0,6,0,4,3,6
2005,360290015002011,FIL-020,FIL-020,Broadway Fillmore,11,1,9,0,0,0,0,1,1
2006,360290015001005,FIL-020,FIL-020,Broadway Fillmore,19,1,18,0,0,0,0,0,0
2008,360290015001023,FIL-018,FIL-018,Broadway Fillmore,18,4,10,0,3,0,0,1,1
2009,360290165001106,FIL-010,FIL-010,Central,6,5,0,0,0,0,1,0,1
2029,360290165001077,FIL-007,FIL-007,Central,0,0,0,0,0,0,0,0,0
2130,360290164001014,FIL-010,FIL-009,First Ward,0,0,0,0,0,0,0,0,0
2131,360290164001013,FIL-010,FIL-009,First Ward,2,0,0,0,0,0,1,1,1
2132,360290164001016,FIL-013,FIL-012,First Ward,0,0,0,0,0,0,0,0,0
2133,360290164001017,FIL-013,FIL-013,First Ward,20,14,1,0,0,0,0,5,8
2135,360290005001012,FIL-013,FIL-013,First Ward,38,23,4,0,0,0,4,7,17
2137,360290164002037,FIL-015,FIL-015,Ellicott,0,0,0,0,0,0,0,0,0
2149,360290067013000,ELL-014,FIL-001,Elmwood Bryant,199,142,22,1,8,0,16,10,17
2155,360290017002013,FIL-018,FIL-039,Broadway Fillmore,44,21,13,0,3,0,0,7,4
2160,360290067024001,ELL-015,FIL-033,Elmwood Bryant,338,175,104,3,7,0,19,30,50
2161,360290067024000,ELL-015,FIL-033,Elmwood Bryant,0,0,0,0,0,0,0,0,0
2163,360290068011009,FIL-004,FIL-002,Allentown,22,11,7,0,3,0,0,1,2
2170,360290005002003,FIL-013,FIL-013,First Ward,69,57,3,2,0,0,3,4,8
2177,360290005001015,FIL-013,FIL-013,First Ward,34,17,3,1,0,0,9,4,13
2178,360290017001019,FIL-019,FIL-019,Broadway Fillmore,79,69,8,0,2,0,0,0,3
2179,360290017002018,FIL-018,FIL-039,Seneca Babcock,32,24,3,1,2,0,0,2,1
2182,360290024005011,FIL-025,FIL-025,Lovejoy,73,19,20,3,25,0,1,5,8
2201,360290163001009,FIL-016,FIL-016,Seneca Babcock,118,92,13,0,5,0,1,7,21
2204,360290072021011,FIL-008,FIL-008,Central,956,275,338,0,3,1,194,145,412
2209,360290027042003,FIL-027,FIL-027,Broadway Fillmore,181,6,18,0,138,0,12,7,5
2210,360290015001003,FIL-020,FIL-020,Broadway Fillmore,24,0,12,0,6,0,4,2,4
2211,360290072021012,FIL-008,FIL-008,Central,0,0,0,0,0,0,0,0,0
2219,360290028021007,FIL-032,FIL-032,Genesee-Moselle,24,2,14,0,0,0,1,7,5
2227,360290164002009,FIL-018,FIL-018,Ellicott,16,10,4,1,0,0,1,0,2
2228,360290164002025,FIL-015,FIL-038,Ellicott,20,17,2,0,0,0,0,1,3
2236,360290072021001,ELL-034,FIL-008,Central,0,0,0,0,0,0,0,0,0
2251,360290164001019,FIL-008,FIL-037,First Ward,40,26,7,0,3,0,1,3,8
2256,360290028011009,FIL-028,FIL-028,Genesee-Moselle,26,10,5,0,1,0,5,5,12
2257,360290017002016,FIL-018,FIL-039,Broadway Fillmore,31,19,12,0,0,0,0,0,2
2258,360290016021026,FIL-024,FIL-024,Broadway Fillmore,51,2,26,0,11,0,3,9,7
2261,360290016021007,FIL-020,FIL-020,Broadway Fillmore,25,2,19,0,0,0,1,3,2
2262,360290027031010,FIL-027,FIL-027,Broadway Fillmore,89,1,11,0,66,0,7,4,1
2263,360290016011015,FIL-024,FIL-024,Broadway Fillmore,83,14,43,0,12,0,3,11,8
2268,360290067021003,ELL-009,FIL-031,Elmwood Bryant,140,110,0,1,17,0,2,10,15
2309,360290068021002,FIL-001,FIL-001,Allentown,149,132,5,0,2,0,8,2,6
2356,360290005002004,FIL-013,FIL-013,First Ward,69,62,1,0,0,0,0,6,12
2360,360290164002028,FIL-015,FIL-038,Ellicott,0,0,0,0,0,0,0,0,0
2361,360290005001018,FIL-013,FIL-013,First Ward,39,27,2,0,0,0,4,6,11
2362,360290164004006,FIL-014,,Ellicott,0,0,0,0,0,0,0,0,0
2368,360290164001018,FIL-000,FIL-037,First Ward,15,4,4,0,0,0,1,6,11
2378,360290068011002,FIL-003,FIL-003,Allentown,82,53,6,0,9,0,6,8,17
2384,360290067021005,ELL-009,FIL-031,Elmwood Bryant,102,70,15,2,3,0,6,6,8
2393,360290165001021,ELL-024,FIL-007,Central,0,0,0,0,0,0,0,0,0
2394,360290165001006,ELL-024,FIL-010,Central,48,43,0,0,0,0,0,5,0
2395,360290165001062,FIL-010,FIL-010,Central,0,0,0,0,0,0,0,0,0
2402,360290163001000,FIL-019,FIL-019,Seneca Babcock,0,0,0,0,0,0,0,0,0
2426,360290068021003,FIL-001,FIL-001,Allentown,82,70,7,0,0,0,4,1,5
2427,360290068022009,FIL-004,FIL-002,Allentown,50,29,3,1,2,0,0,15,14
2428,360290068011014,FIL-003,FIL-036,Allentown,84,34,31,1,15,0,0,3,3
2429,360290165001082,FIL-010,FIL-010,Central,0,0,0,0,0,0,0,0,0
2443,360290029002004,FIL-011,FIL-011,Genesee-Moselle,51,3,34,0,11,0,1,2,0
2448,360290164002011,FIL-018,FIL-018,Ellicott,18,3,9,0,0,0,6,0,7
2456,360290005002008,FIL-013,FIL-013,First Ward,22,18,0,0,0,0,1,3,3
2457,360290005002011,FIL-013,FIL-013,First Ward,73,67,5,0,0,0,0,1,1
2462,360290164001015,FIL-010,FIL-012,First Ward,12,5,3,0,0,0,0,4,3
2464,360290071023002,FIL-005,FIL-008,Lower West Side,63,25,0,0,3,0,8,27,39
2465,360290068011010,FIL-004,FIL-002,Allentown,48,39,1,0,0,0,3,5,8
2466,360290071021006,FIL-007,FIL-007,Lower West Side,12,3,5,0,0,0,3,1,7
2500,360290016021010,FIL-020,FIL-020,Broadway Fillmore,32,5,19,0,0,0,4,4,8
2501,360290016021011,FIL-022,FIL-022,Broadway Fillmore,20,4,4,0,0,0,0,12,8
2502,360290017001007,FIL-020,FIL-020,Broadway Fillmore,123,21,92,0,2,0,0,8,5
2503,360290016021022,FIL-022,FIL-022,Broadway Fillmore,40,5,26,0,0,0,6,3,7
2504,360290015001007,FIL-018,FIL-018,Broadway Fillmore,16,0,15,0,0,0,0,1,1
2505,360290015001006,FIL-018,FIL-018,Broadway Fillmore,65,5,45,1,8,0,5,1,5
2506,360290015001024,FIL-018,FIL-018,Broadway Fillmore,23,0,13,0,0,0,0,10,2
2507,360290017002002,FIL-018,FIL-018,Broadway Fillmore,15,1,8,0,0,0,1,5,3
2508,360290017002010,FIL-018,FIL-039,Broadway Fillmore,36,20,13,0,0,0,2,1,8
2509,360290017002006,FIL-018,FIL-039,Broadway Fillmore,40,19,9,0,9,0,0,3,2
2510,360290017002008,FIL-018,FIL-039,Broadway Fillmore,30,17,6,0,0,0,2,5,5
2511,360290017002009,FIL-018,FIL-039,Broadway Fillmore,50,16,8,0,3,0,7,16,7
2512,360290017002017,FIL-018,FIL-039,Broadway Fillmore,33,10,5,0,0,0,8,10,13
2513,360290017002015,FIL-018,FIL-039,Broadway Fillmore,50,43,0,0,2,0,0,5,2
2514,360290016021012,FIL-022,FIL-022,Broadway Fillmore,26,2,23,0,0,0,0,1,1
2515,360290016021020,FIL-021,FIL-021,Broadway Fillmore,23,9,5,0,4,0,0,5,6
2516,360290016021019,FIL-021,FIL-021,Broadway Fillmore,75,22,34,0,13,0,4,2,3
2517,360290017001006,FIL-021,FIL-021,Broadway Fillmore,0,0,0,0,0,0,0,0,0
2518,360290016021031,FIL-021,FIL-021,Broadway Fillmore,37,8,11,0,8,0,3,7,7
2529,360290072021003,ELL-033,FIL-035,Central,298,266,8,0,10,1,3,10,17
2530,360290072021017,FIL-005,FIL-008,Lower West Side,0,0,0,0,0,0,0,0,0
2584,360290165001095,FIL-008,FIL-008,Central,0,0,0,0,0,0,0,0,0
2586,360290029002005,FIL-011,FIL-011,Genesee-Moselle,115,9,58,1,16,0,29,2,34
2600,360290028021009,FIL-032,FIL-032,Genesee-Moselle,37,6,25,0,0,0,3,3,7
2610,360290165001071,FIL-010,FIL-010,Central,2,0,0,0,2,0,0,0,0
2639,360290165001050,ELL-029,FIL-010,Central,0,0,0,0,0,0,0,0,0
2643,360290165001099,FIL-010,FIL-010,Central,0,0,0,0,0,0,0,0,0
2658,360290071021002,FIL-007,FIL-007,Central,0,0,0,0,0,0,0,0,0
2659,360290164002024,FIL-018,FIL-018,Ellicott,35,29,0,1,0,0,4,1,5
2661,360290024005012,FIL-025,FIL-025,Lovejoy,34,11,10,2,3,0,6,2,8
2676,360290015001008,FIL-018,FIL-018,Broadway Fillmore,18,0,17,0,0,0,0,1,1
2678,360290028021013,FIL-032,FIL-032,Genesee-Moselle,26,3,4,0,4,0,2,13,3
2680,360290028021008,FIL-032,FIL-032,Genesee-Moselle,44,10,26,0,2,0,4,2,4
2683,360290072021014,FIL-008,FIL-008,Central,0,0,0,0,0,0,0,0,0
2708,360290072021002,FIL-005,FIL-008,Central,0,0,0,0,0,0,0,0,0
2753,360290017002003,FIL-018,FIL-039,Broadway Fillmore,23,19,0,0,0,0,1,3,4
2754,360290016011017,FIL-025,FIL-025,Broadway Fillmore,72,28,16,0,14,0,0,14,4
2755,360290016011002,FIL-021,FIL-021,Broadway Fillmore,94,40,36,0,0,0,10,8,12
2760,360290071042002,ELL-035,FIL-005,Lower West Side,111,46,19,0,1,0,33,12,49
2761,360290068023004,FIL-002,FIL-002,Allentown,183,130,19,2,3,0,10,19,35
2762,360290071042000,FIL-005,FIL-002,Lower West Side,187,97,22,0,19,0,19,30,64
2763,360290071023004,FIL-005,FIL-008,Lower West Side,122,53,17,0,0,0,26,26,59
2764,360290071023005,FIL-005,FIL-008,Lower West Side,87,50,9,2,0,0,9,17,34
2765,360290071022005,FIL-005,FIL-008,Lower West Side,142,74,35,0,0,1,9,23,54
2766,360290071023001,FIL-005,FIL-008,Lower West Side,79,23,3,0,0,0,35,18,63
2767,360290071023000,FIL-005,FIL-008,Lower West Side,63,46,6,0,0,0,4,7,8
2768,360290071022002,FIL-006,FIL-006,Lower West Side,136,82,18,1,0,0,28,7,57
2769,360290071022000,FIL-006,FIL-006,Lower West Side,0,0,0,0,0,0,0,0,0
2770,360290071022003,FIL-006,FIL-006,Lower West Side,0,0,0,0,0,0,0,0,0
2771,360290068023003,FIL-002,FIL-002,Allentown,103,85,13,0,1,0,0,4,3
2772,360290071021004,FIL-007,FIL-007,Lower West Side,84,7,31,1,1,0,31,13,46
2773,360290068011008,FIL-003,FIL-036,Allentown,51,32,6,0,0,0,3,10,6
2774,360290068011011,FIL-004,FIL-004,Allentown,0,0,0,0,0,0,0,0,0
2775,360290068011015,FIL-004,FIL-004,Allentown,0,0,0,0,0,0,0,0,0
2776,360290165002008,ELL-024,FIL-006,Central,0,0,0,0,0,0,0,0,0
2777,360290165002009,ELL-024,FIL-006,Central,23,10,6,2,2,0,1,2,1
2778,360290068011007,FIL-003,FIL-036,Allentown,79,46,13,0,6,0,4,10,8
2779,360290165002020,ELL-024,FIL-010,Central,0,0,0,0,0,0,0,0,0
2780,360290165002021,ELL-024,FIL-010,Central,19,6,7,0,0,0,0,6,3
2781,360290071022007,FIL-007,FIL-007,Lower West Side,106,50,18,2,0,0,17,19,51
2782,360290071022008,FIL-007,FIL-007,Lower West Side,31,16,8,0,1,0,2,4,9
2783,360290071022009,FIL-007,FIL-007,Lower West Side,0,0,0,0,0,0,0,0,0
2784,360290165001056,FIL-007,FIL-010,Central,20,15,2,0,1,0,1,1,7
2792,360290015001027,FIL-018,FIL-018,Broadway Fillmore,13,0,9,1,0,0,0,3,4
2795,360290015001030,FIL-018,FIL-018,Broadway Fillmore,16,11,5,0,0,0,0,0,0
2796,360290015001017,FIL-018,FIL-018,Broadway Fillmore,0,0,0,0,0,0,0,0,0
2800,360290163002004,FIL-017,FIL-017,Lovejoy,60,22,21,0,0,0,0,17,15
2802,360290164002031,FIL-015,FIL-015,Ellicott,0,0,0,0,0,0,0,0,0
2803,360290024005001,FIL-025,FIL-025,Lovejoy,52,6,27,0,2,0,3,14,23
2872,360290005001011,FIL-013,FIL-013,First Ward,70,61,1,0,0,0,2,6,8
2874,360290005002005,FIL-013,FIL-013,First Ward,7,1,1,2,0,0,3,0,4
2875,360290005002006,FIL-013,FIL-013,First Ward,0,0,0,0,0,0,0,0,0
2876,360290005002007,FIL-013,FIL-013,First Ward,38,32,3,0,0,0,1,2,3
2879,360290164005012,FIL-013,FIL-013,Ellicott,3,3,0,0,0,0,0,0,0
2880,360290005002002,FIL-013,FIL-013,First Ward,93,80,10,0,1,0,0,2,5
2881,360290005002001,FIL-013,FIL-013,First Ward,62,50,4,0,0,0,0,8,21
2882,360290005001010,FIL-013,FIL-013,First Ward,57,38,7,0,0,0,10,2,15
2883,360290005001055,FIL-013,FIL-013,First Ward,0,0,0,0,0,0,0,0,0
2884,360290005002019,FIL-012,FIL-013,First Ward,142,113,4,0,7,0,0,18,14
2885,360290005001054,FIL-008,FIL-026,First Ward,8,8,0,0,0,0,0,0,1
2886,360290005001044,FIL-013,FIL-013,First Ward,0,0,0,0,0,0,0,0,0
2893,360290164004001,FIL-015,FIL-015,Ellicott,5,0,2,0,0,0,3,0,3
2894,360290164002029,FIL-015,FIL-038,Ellicott,0,0,0,0,0,0,0,0,0
2897,360290164002034,FIL-015,FIL-015,Ellicott,6,3,0,1,2,0,0,0,1
2898,360290164005000,FIL-015,FIL-015,Ellicott,19,9,4,0,0,0,6,0,9
2899,360290005001009,FIL-013,FIL-013,First Ward,58,45,7,0,0,0,4,2,6
2900,360290005001017,FIL-013,FIL-013,First Ward,41,27,1,0,0,0,8,5,17
2901,360290005001008,FIL-013,FIL-013,First Ward,0,0,0,0,0,0,0,0,0
2902,360290005002012,FIL-013,FIL-013,First Ward,0,0,0,0,0,0,0,0,0
2903,360290164004000,FIL-015,FIL-015,Ellicott,48,38,0,0,1,0,0,9,14
2904,360290164004003,FIL-015,FIL-015,Ellicott,169,134,8,2,10,0,4,11,16
2906,360290005001007,FIL-013,FIL-013,First Ward,30,23,2,0,0,0,5,0,3
2907,360290164004005,FIL-015,FIL-015,Ellicott,12,4,2,1,2,0,0,3,6
2920,360290163002003,FIL-019,FIL-019,Seneca Babcock,154,87,61,0,3,0,0,3,3
2955,360290165001049,ELL-029,FIL-010,Central,4,3,1,0,0,0,0,0,0
2967,360290017002019,FIL-018,FIL-039,Broadway Fillmore,21,7,10,0,0,0,3,1,4
2969,360290028012002,FIL-028,FIL-028,Genesee-Moselle,67,12,37,0,6,0,7,5,8
2970,360290024005002,FIL-025,FIL-025,Lovejoy,24,1,10,1,11,0,0,1,2
2973,360290163001003,FIL-019,FIL-019,Seneca Babcock,18,16,1,0,0,0,0,1,6
2974,360290163001008,FIL-016,FIL-016,Seneca Babcock,60,41,0,1,0,0,6,12,14
2975,360290163001010,FIL-016,FIL-016,Seneca Babcock,16,12,0,0,0,0,0,4,1
2981,360290029003001,FIL-011,FIL-011,Genesee-Moselle,14,0,14,0,0,0,0,0,0
2982,360290028021005,FIL-032,FIL-032,Genesee-Moselle,46,5,36,0,0,0,3,2,7
2986,360290164002023,FIL-018,FIL-018,Ellicott,16,16,0,0,0,0,0,0,1
2993,360290005002009,FIL-013,FIL-013,First Ward,163,109,27,1,1,0,8,17,20
2995,360290164005008,FIL-013,FIL-013,Ellicott,25,18,3,0,1,0,3,0,3
