jurisdiction,righttoaddress,rightfromaddress,lefttoaddress,leftfromaddress,nysstreetid,objectid,highwaynumber,leftpostal,shape_length,rightpostal,fcc,acc,completestreetname,speed
12,117,59,116,58,477798423,10481,,14204,154.85640122360283,14204,A41,5,Tennessee Street,25
12,149,133,150,134,477796709,10193,,14203,75.854724968347952,14203,A31,4,South Park Avenue,35
12,391,361,390,360,477787096,8354,,14222,109.75676790067965,14222,A41,4,Bryant Street,25
12,99,1,98,2,477794037,6556,,14206,203.83399016158555,14206,A41,5,Newell Street,25
12,498,404,499,405,506020637,8928,,14202,289.9484102945587,14201,A41,5,Amvets Drive,25
12,99,1,98,2,477792175,6608,,14212,82.83912602153481,14212,A41,5,South Market Street,25
12,399,161,398,158,477790220,6311,,14211,497.5861885671298,14211,A40,5,Strauss Street,25
12,49,5,48,32,477797237,10225,,14204,155.81052865212428,14204,A41,5,Miami Street,25
12,99,1,98,2,477790765,6431,,14212,180.33607126639347,14212,A41,5,Rommel Avenue,25
01,1777,1711,1776,1710,477789117,1127,62,14211,169.04263847121879,14211,A21,3,Bailey Avenue,35
12,129,109,,,477794559,7541,,14202,56.644520758822125,14202,A40,5,Lower Terrace Street,25
12,37,1,38,2,477799055,9644,,14204,134.8700060937872,14210,A40,5,Saint Clair Street,25
12,129,127,128,126,477792743,7769,,14202,20.778623631068974,14201,A31,3,Niagara Street,35
12,141,105,140,94,477791208,7848,,14201,131.35044309011963,14201,A31,3,West Tupper Street,35
12,45,43,44,38,477794377,7528,,14202,39.684628005634252,14202,A30,4,Franklin Street,35
12,29,1,28,2,477789647,7930,,14201,96.12690986373012,14201,A40,5,Orton Place,25
12,99,11,98,8,477796852,10697,,14210,75.361796687281554,14210,A41,5,Daytona Place,25
12,99,1,98,2,477789761,1088,,14212,77.569907180568194,14212,A41,5,Brier Street,25
12,215,145,214,144,477791101,7909,,14201,211.51335228586936,14201,A40,5,Whitney Place,25
12,99,1,98,2,477796573,9802,,14203,46.090499419792444,14203,A41,5,Seymour H Knox Iii Plaza,25
12,255,231,254,230,477790509,7916,,14201,78.07737956659291,14201,A41,5,Maryland Street,25
12,99,1,98,2,511164016,8157,,14209,171.82834009276922,14209,A41,5,Saint Paul Mall,25
12,59,1,60,2,477796765,10754,,14210,39.726109307653388,14210,A41,5,Hydraulic Street,25
12,,,,,477794440,7597,,14202,8.8194614349992868,14202,A41,5,La Riviere Drive,25
12,53,1,52,2,477790035,7942,,14201,213.298496009844,14201,A41,5,Fargo Avenue,25
12,737,701,770,700,477796457,10759,,14210,132.56904853687433,14210,A41,5,Carroll Street,25
12,199,1,198,2,477788458,6385,,14211,362.09921924712506,14211,A40,5,Wasmuth Avenue,25
01,27,1,24,2,477790864,8082,5,14203,86.177437778355511,14203,A20,4,Goodell Street,35
12,199,1,198,2,477794383,6547,,14206,370.69960750900117,14206,A41,5,Depot Street,25
12,299,167,298,168,477792440,7765,,14201,153.13544639344863,14201,A30,4,West Huron Street,35
12,199,105,198,106,477793503,7493,,14202,132.08400546612881,14202,A41,4,West Eagle Street,25
12,43,29,52,36,477797674,10581,,14210,54.629311111217532,14210,A41,5,Elk Street,25
12,11,5,6,4,477793283,7658,,14201,156.76857700846182,14202,A41,5,7th Street,25
12,131,109,138,112,477786876,1338,,14211,82.7001311969521,14211,A41,4,Doat Street,25
12,51,1,52,2,477792604,7727,,14201,62.990800368740025,14201,A41,5,Pine Harbor Walk,25
12,199,1,198,2,477796181,11006,,14206,148.61979175036245,14206,A41,5,Bushnell Street,25
12,99,1,98,2,477790292,8069,,14202,204.15487114317506,14202,A41,5,Woodbury Alley,25
12,,,,,506020617,7974,,14201,9.7204218024438482,14201,A35,4,Wadsworth Street,35
12,199,101,198,102,477788831,6404,,14211,142.31946739709022,14211,A41,5,Oberlin Avenue,25
12,299,225,298,226,477790211,6421,,14212,129.52636179595291,14212,A41,5,Person Street,25
12,199,1,198,2,477791129,1071,,14212,248.93901999885287,14212,A41,5,Armbruster Street,25
12,119,93,118,92,477795216,10808,,14210,35.588099005223796,14210,A41,5,Emslie Street,25
12,399,233,398,228,477792466,6790,,14212,282.51443769017197,14212,A40,5,Coit Street,25
12,61,1,58,2,477787780,8241,,14209,186.15787917127426,14209,A41,5,Dodge Street,25
12,89,77,88,76,477794568,7542,,14202,18.190217150853417,14202,A30,5,West Seneca Street,35
12,199,1,298,2,477793564,994,,14206,761.48358904328904,14206,A41,5,Bud Military Drive,25
12,499,345,498,344,477786872,1337,,14211,182.22996793677996,14211,A41,5,May Street,25
12,399,187,398,186,477789699,6333,,14211,496.44498754693586,14211,A40,5,Loepere Street,25
12,99,1,98,2,477797235,10714,,14210,187.28085566860656,14210,A40,5,Clifford Street,25
12,99,1,198,2,511383823,7441,,14203,100.95200097086271,14203,A41,5,Booth Alley,25
,,,,,,11962,,,19.151148818904929,,,,,
12,,,,,484722945,9223,,14201,78.454176543032375,14202,A41,5,Trenton Road,25
12,275,233,276,236,477788017,8307,,14222,133.47926767855995,14222,A31,4,Summer Street,35
12,87,1,98,2,477791333,6478,,14212,267.65731720480449,14212,A40,5,Mills Street,25
12,5,1,6,2,477791939,6499,,14212,40.142546008019103,14212,A40,5,Houghton Avenue,25
12,199,115,198,106,477798256,10492,,14204,160.81693293373482,14204,A41,5,Vandalia Street,25
12,,,,,477794328,7591,,14202,3.0957067044295936,14202,A41,5,Charles Street,25
12,99,1,98,2,477796117,10905,,14210,162.75678173278945,14210,A41,5,Cornelia Street,25
12,85,1,86,2,477796653,10194,,14203,229.53752208878609,14203,A41,5,Mississippi Street,25
12,199,69,198,70,477798082,10531,,14210,224.44640635498899,14210,A41,5,Fitzgerald Street,25
12,99,1,98,2,477795636,10930,,14206,246.76975070206947,14206,A40,5,Clemo Street,25
12,23,1,24,2,477789366,6371,,14212,44.800188615674159,14212,A40,5,Harmonia Street,25
12,,,,,477795132,9961,,14202,2.5366316249176291,14202,A31,5,Pearl Street,35
12,311,239,312,240,477787106,8352,,14222,238.40014940762441,14222,A31,4,Richmond Avenue,35
12,153,127,154,128,477792072,7743,,14201,109.69919780917003,14201,A41,5,Carolina Street,25
12,99,55,98,54,477796990,10227,,14204,71.742475563743795,14204,A41,5,Moore Street,25
12,127,83,116,84,477795808,10770,,14210,147.14504115106411,14210,A41,5,Seymour Street,25
12,99,63,98,60,477789064,8009,,14201,90.61019644680286,14201,A40,5,Arlington Place,25
12,45,1,46,2,477794889,10936,,14206,162.3878665567928,14206,A40,5,Fleming Street,25
12,45,1,44,2,477797248,10989,,14206,105.27525872624066,14206,A41,5,Hubbard Street,25
12,199,107,198,156,477797026,10992,,14206,79.732412385185228,14206,A41,5,Dorothy Street,25
12,99,7,98,8,477791523,6490,,14212,107.48958612928472,14212,A41,5,Dover Street,25
12,119,111,,,511383794,7784,,14202,75.623429887890524,14202,A35,4,West Genesee Street,35
12,331,313,330,312,477796809,11018,,14210,68.218463776712582,14210,A41,5,Babcock Street,25
06,,,,,477797327,10722,190,14210,21.231584962215535,14210,A15,1,Interstate 190 Southbound,65
12,73,1,72,2,510970205,8054,,14201,228.03914773564554,14202,A40,5,Irving Place,25
12,,,,,477793158,9242,,14202,11.392106916298552,14202,A60,5,Connecting Road,25
12,99,1,98,2,477794223,6561,,14206,109.18903333199435,14206,A41,5,Stetson Street,25
12,99,1,98,2,477796927,10991,,14206,178.32070126602392,14206,A41,5,Hobart Street,25
12,113,53,120,44,477791882,6521,,14212,194.35969315345375,14212,A41,5,Milburn Street,25
12,49,1,50,2,477795331,10789,,14210,54.331946403678486,14210,A40,5,Meteor Alley,25
12,193,177,196,172,477791292,6530,,14212,45.206959641085589,14212,A41,5,Ashley Street,25
12,199,137,198,136,477790421,7921,,14201,211.46990340013662,14201,A40,5,10th Street,25
12,99,1,98,2,477796815,10702,,14210,75.717377794094446,14210,A41,5,Sordyl Alley,25
12,299,185,298,186,477787763,8340,,14213,112.37267283484346,14213,A41,4,York Street,25
12,31,1,20,2,477791795,7841,,14201,131.32923456825293,14201,A40,5,North Johnson Park,25
12,69,57,68,58,477794244,7516,,14202,22.748452616272754,14202,A41,5,West Swan Street,25
12,199,129,198,128,477787274,1344,,14211,181.23181340152226,14211,A41,5,Rapin Place,25
12,287,147,284,142,477790674,6812,,14211,443.74919974053256,14211,A40,5,Fox Street,25
12,198,20,199,21,477794994,9875,,14202,67.430068803404922,14202,A41,5,Wilkeson Way,25
12,519,501,518,500,477795745,10924,,14206,309.82690550947405,14206,A41,5,New Babcock Street,25
12,137,101,134,100,477794483,10940,,14206,100.55758955457993,14206,A41,5,Metcalfe Street,25
12,199,93,198,92,477788945,6402,,14211,185.00661636802715,14211,A41,5,Ruhland Avenue,25
12,,,,,477795300,9868,,14202,14.746107960940462,14202,A41,5,Templeton Terrace,25
12,353,277,350,276,477790170,6330,,14212,242.60677265981624,14212,A40,5,Sweet Avenue,25
12,199,59,198,62,477787577,8251,,14209,172.14542921606713,14209,A41,5,Barker Street,25
01,603,593,596,592,477795832,10371,16,14210,15.486419857491544,14210,A21,4,Seneca Street,35
12,87,1,88,2,477790995,6444,,14212,280.40145271716455,14212,A41,5,Lathrop Street,25
12,99,1,98,2,477790273,8065,,14201,198.62108821695301,14202,A41,5,Holloway Alley,25
12,87,1,88,2,477790398,1059,,14212,280.73514399575174,14212,A41,5,Schutrum Street,25
12,35,1,34,2,477794094,7626,,14202,124.25052779374877,14202,A41,5,Ojibwa Circle,25
12,49,1,48,2,477791937,6535,,14212,145.09439983900791,14212,A41,5,Amity Street,25
01,971,951,986,954,477795157,10891,354,14206,69.893236186038763,14210,A31,3,Clinton Street,35
12,135,65,134,64,477790828,7922,,14201,211.47080980575353,14201,A41,5,West Avenue,25
12,399,159,398,156,477790363,6301,,14211,484.11516280135692,14211,A40,5,Reed Street,25
12,61,1,68,2,477791421,999,,14212,51.468782772063399,14212,A41,5,Quincy Street,25
12,40,2,39,1,477794318,6719,,14206,136.08291109102646,14206,A41,5,San Domingo Alley,25
12,105,1,102,2,477791131,6468,,14212,327.1761216242931,14212,A40,5,Sobieski Street,25
12,571,541,568,538,477788043,1117,,14211,90.069709114593707,14211,A31,4,Walden Avenue,35
12,99,1,98,2,477795479,10933,,14206,85.764482741914648,14206,A41,5,Bender Avenue,25
12,87,71,194,194,477790095,8983,,14201,44.658241120789086,14201,A41,5,Porter Avenue,25
12,233,165,226,160,477792826,6635,,14212,199.02331122360312,14212,A40,5,Detroit Street,25
12,95,1,96,2,477796722,10197,,14204,229.11862893977565,14204,A41,5,Columbia Street,25
12,45,1,46,2,477796545,10711,,14210,49.911641929069702,14210,A41,5,Griffin Street,25
12,199,89,198,82,477793989,6563,,14206,205.09425753962162,14206,A41,5,Thomas Street,25
12,,,,,600004898,737,,14206,177.43751230508289,14206,A41,5,Unnamed Street,25
12,27,1,44,2,477788122,8246,,14209,117.74823174164688,14209,A31,4,Best Street,35
12,33,11,32,10,477795236,10894,,14210,87.168368689863726,14210,A41,5,Clare Street,25
12,469,437,474,434,477793220,7385,,14203,133.91100514905463,14203,A41,4,Washington Street,25
06,,,,,477797387,10683,190,14210,27.882568031036666,14210,A15,1,Interstate 190 Northbound,65
12,89,83,86,80,477787293,1331,,14211,13.821479660347794,14211,A41,5,Hazel Place,25
12,199,101,198,98,477789928,8015,,14201,231.19933106366707,14201,A40,5,Days Park,25
12,67,1,66,2,477789745,7933,,14201,212.48524513544137,14201,A40,5,Plymouth Avenue,25
12,99,1,98,2,477790503,8079,,14202,90.859065591203731,14202,A41,5,Saint Louis Place,25
12,137,81,136,82,477789982,6419,,14212,186.66913470212359,14212,A41,5,Titus Avenue,25
12,223,165,230,166,477792829,6642,,14212,198.3522424882909,14212,A40,5,Shumway Street,25
12,99,1,98,2,477828003,7706,,14202,53.705349009009076,14202,A40,5,Jerge Drive,25
12,99,1,98,2,477795752,10779,,14210,27.608366145889036,14210,A41,5,Schuyler Street,25
12,99,1,98,2,477789098,8043,,14202,59.51732016815464,14202,A41,5,Franklin Park North,25
12,53,1,54,2,477790251,7867,,14201,174.36296309753953,14201,A40,5,College Street,25
12,99,1,98,2,477791851,7893,,14201,213.03748716698465,14201,A41,5,Fell Alley,25
12,33,1,26,2,477798379,9684,,14204,81.4673087807775,14204,A41,5,Republic Street,25
12,25,11,28,26,477793238,7379,,14202,77.737385169672294,14202,A31,3,Court Street,35
12,,,,,800004090,7736,,14201,15.765795536323827,14201,A41,5,Village Court,25
12,153,1,144,2,477791864,6802,,14212,470.30523860502086,14212,A40,5,Guilford Street,25
12,879,727,882,718,477791525,6810,,14212,469.6216274836421,14212,A31,4,Fillmore Avenue,35
12,15,1,16,2,477789046,1119,,14211,106.38272747700289,14211,A41,5,West Shore Avenue,25
12,,,,,477790289,1067,,14212,4.7937667861901554,14212,A41,5,Gatchell Street,25
12,99,61,98,62,477792305,7755,,14201,56.593085915889489,14201,A41,4,Rabin Terrace,25
12,,,98,2,477789173,8008,,14201,104.79696989900313,14201,A40,5,Arlington Park,25
12,21,1,22,2,477795691,10017,,14203,88.198258818941611,14203,A31,5,Scott Street,35
12,77,1,74,2,477798805,9665,,14204,151.87715693953496,14204,A41,5,Alabama Street,25
12,,,,,600061530,9997,,14202,75.67258515529835,14202,A40,5,Prime Street,25
12,,,,,600061527,10004,,14202,5.0331692803607915,14202,A40,5,Hanover Street,25
12,29,1,28,2,477796867,10214,,14204,113.99837937401756,14204,A41,5,Marvin Street,25
12,283,1,284,2,477791944,9122,,14201,213.03773797122582,14201,A40,5,Trenton Avenue,25
12,567,201,568,202,477794251,7630,,14202,45.196057350354245,14202,A41,5,Admirals Walk,25
12,99,1,98,2,477792151,7824,,14203,101.52985964745476,14203,A41,5,Saint Michaels Place,25
12,87,1,88,2,477790452,1073,,14212,283.03614884716171,14212,A41,5,Wick Street,25
12,5,1,6,2,477796268,10763,,14210,132.00500937461084,14210,A41,5,Lord Street,25
12,99,1,98,2,477792899,7786,,14202,167.58760962499508,14202,A41,5,Bean Alley,25
12,299,169,298,174,477798035,10479,,14204,159.72328893933826,14204,A41,5,Kentucky Street,25
12,7,1,8,2,477787596,8317,,14213,25.008813613055345,14213,A40,5,17th Street,25
12,99,1,98,2,477786875,1339,,14211,222.15451935877354,14211,A41,5,Rawlins Avenue,25
12,199,105,198,106,477797941,10524,,14210,234.07695679006071,14210,A41,5,Sidway Street,25
12,,,,,477799195,9640,,14203,88.773619966612472,14203,A41,4,Ohio Street,25
12,57,3,58,4,477796175,10026,,14203,124.77448184969097,14203,A41,4,Perry Street,25
12,583,573,606,548,477794137,6555,,14206,122.20415745771567,14206,A41,5,Howard Street,25
12,99,1,98,2,477790480,7869,,14201,187.46309996668617,14201,A41,5,Keep Alley,25
12,199,37,198,40,477790958,7846,,14201,262.36074603453778,14201,A40,5,Trinity Place,25
12,65,1,62,2,477794008,6699,,14206,194.01206792272998,14206,A40,5,Stanton Street,25
12,,,,,477791626,7822,,14202,13.793175196446473,14202,A71,5,Curtain Up Alley,5
12,199,1,198,2,477789045,1121,,14211,337.39968658175269,14211,A41,5,Saint Joseph Avenue,25
12,161,153,160,152,477794527,10821,,14206,50.028836683975982,14206,A41,5,Bond Street,25
12,369,317,370,316,477797294,10718,,14210,90.442700644886571,14210,A31,4,Smith Street,35
12,199,1,198,2,477790520,6314,,14212,141.09072967461665,14212,A41,5,Beck Street,25
12,,,,,477793886,7508,,14202,5.9835106753424423,14202,A20,3,South Elmwood Avenue,35
12,98,2,99,1,515878127,7794,,14202,62.240005377066964,14202,A41,5,Fountain Plaza,25
12,399,271,398,270,477796293,10406,,14210,160.58390600583203,14210,A41,5,Larkin Street,25
12,23,1,22,2,477789828,8046,,14203,87.461394099118479,14203,A41,5,Carlton Street,25
12,299,259,298,258,477792184,7757,,14201,84.684511462944599,14201,A30,4,Georgia Street,35
12,98,2,99,1,477788158,8243,,14209,127.10246872717651,14209,A41,5,Saint Paul Mall North,25
12,147,83,148,84,477792851,6624,,14212,205.35261600420543,14212,A40,5,Gibson Street,25
12,99,1,198,2,477790276,8061,,14202,295.61057846447238,14202,A40,5,Virginia Place,25
12,99,61,98,62,477790212,6422,,14212,71.287309529876751,14212,A41,5,Schlenker Street,25
12,49,1,10,2,477793237,7378,,14202,22.129622680871019,14202,A30,3,Lafayette Square,35
12,99,1,98,2,512324784,7477,,14203,15.697649505656422,14203,A70,5,M and T Plaza,5
12,89,71,90,62,477796749,10200,,14204,113.40197264626711,14204,A31,4,Michigan Avenue,35
12,17,1,18,2,477789352,8142,,14203,86.403127836818953,14203,A31,4,High Street,35
12,11,100,10,1,477796783,10694,,14210,67.712074255080026,14210,A41,5,Andrew Alley,25
12,99,1,98,2,477788802,8031,,14222,112.74761222128815,14201,A41,5,Mayfair Lane,25
12,659,633,660,632,477793407,6693,,14206,79.551936494375653,14206,A31,4,William Street,35
12,23,1,20,2,477790259,7863,,14201,76.456356831847856,14201,A41,5,Cottage Street,25
12,599,519,598,520,477787172,8350,,14213,37.555725262285598,14213,A31,4,Connecticut Street,35
12,57,1,64,2,477796678,10409,,14210,189.94584007759806,14210,A41,5,Roseville Street,25
12,399,101,398,100,477793524,9249,,14202,133.17547221623067,14202,A41,5,Portside,25
12,99,1,98,2,477793629,7394,,14203,49.155586731559964,14203,A41,5,Dickens Alley,25
12,71,33,72,32,477792913,7789,,14202,49.077131130644752,14202,A41,5,West Mohawk Street,25
12,299,193,298,192,477791894,6484,,14212,201.89895969160759,14212,A40,5,Sears Street,25
06,,,,,506986503,9884,951K,14202,95.954396597530632,14202,A63,2,Ramp,45
12,47,21,48,22,477789983,6420,,14212,74.561583942428697,14212,A41,5,Empire Street,25
12,49,1,52,2,477793053,6573,,14206,110.90577016440632,14206,A40,5,Clark Street,25
12,93,1,94,2,477796628,9799,,14203,230.08629779523031,14203,A41,5,Illinois Street,25
12,23,1,24,2,477793037,7347,,14203,55.477870363003959,14203,A41,5,Hersee Alley,25
12,199,129,198,130,477787288,1348,,14211,186.25519011402599,14211,A41,5,Goembel Avenue,25
12,99,1,2,98,477794146,6544,,14206,194.83070376681184,14206,A41,5,Hannah Street,25
12,121,1,122,2,477788463,6388,,14211,408.19508042583567,14211,A41,5,Barthel Street,25
01,,,,,477793904,7505,5,14202,23.132066487658889,14202,A20,2,Buffalo Skyway,35
01,,,,,477794940,9901,5,14202,8.5283644383963395,14202,A15,2,State Route 5,65
12,99,1,98,2,477787171,1356,,14211,132.31956242369955,14211,A41,5,Rustic Place,25
12,299,101,,,477788906,8151,,14202,31.049723026621173,14202,A40,5,North Pearl Street,25
12,99,1,98,2,477790151,7925,,14201,198.03067115089044,14201,A41,5,Malta Place,25
12,217,177,216,176,477792172,6607,,14212,120.08045511261547,14212,A40,5,Lombard Street,25
12,99,81,198,82,477796955,10446,,14204,193.33545532246757,14204,A41,5,Stannard Alley,25
12,9,1,8,2,477794250,7631,,14202,31.834416909893786,14202,A41,5,Waterfront Circle,25
12,99,19,98,20,477794227,7467,,14202,91.450259838988458,14202,A40,5,Cathedral Park,25
12,47,1,46,2,477792187,6506,,14212,154.50998341548166,14212,A40,5,Warren Avenue,25
12,199,1,198,2,477788474,6401,,14211,497.15710791796096,14211,A41,5,Saint Louis Avenue,25
12,199,115,198,120,477798190,10486,,14204,160.12437821976079,14204,A41,5,Vincennes Street,25
12,,,,,477793918,7640,,14202,69.819800199754624,14202,A41,5,Bingham Street,25
12,,,,,477795728,10958,,14206,61.05119235111502,14206,A41,5,Bergtold Street,25
12,99,1,98,2,477787612,8252,,14209,187.66054682286438,14209,A40,5,Coe Place,25
12,77,1,78,2,477790349,1063,,14212,250.57518333448616,14212,A41,5,Shepard Street,25
12,29,1,30,2,477794407,7451,,14203,86.667733326599702,14203,A30,4,Swan Street,35
12,91,1,88,2,477788811,8040,,14209,281.39012823702501,14209,A40,4,Linwood Avenue,25
12,399,201,398,182,477789501,6335,,14211,396.69053944702978,14211,A40,5,Rother Avenue,25
12,199,101,198,100,477790484,8078,,14203,85.38844066985682,14203,A40,5,Burton Street,25
12,,,,,600061557,10012,,14202,11.878283434780339,14202,A45,5,Lloyd Street,25
12,199,85,198,86,477789735,1093,,14212,178.4719073125722,14212,A41,5,Hirschbeck Street,25
12,199,95,198,96,477796579,738,,14206,180.52928315971096,14206,A41,5,Niagara Frontier Food Termin,25
12,99,1,98,2,477790269,7859,,14201,194.58488102422552,14201,A41,5,Derutte Alley,25
12,199,51,198,52,477797242,10436,,14204,192.77618637352981,14204,A41,5,Coatsworth Alley,25
12,199,1,198,2,477793907,6646,,14206,338.24814548860331,14206,A41,5,John Paul Court,25
12,299,175,298,172,477795838,10965,,14206,151.73954329700075,14206,A41,5,Scoville Avenue,25
12,199,95,198,96,477790163,6458,,14212,336.87336815221602,14212,A40,5,Kosciuszko Street,25
12,155,65,156,64,477793406,6691,,14206,305.18990432266355,14206,A40,5,Sherman Street,25
12,775,755,778,758,477790441,6816,,14211,95.84382817893119,14212,A31,4,Sycamore Street,35
12,67,1,66,2,477789212,7950,,14201,216.01643800454039,14201,A41,5,Normal Avenue,25
12,99,1,98,2,477797076,10692,,14210,204.04592374493541,14210,A40,5,Minton Street,25
12,99,1,198,2,477796708,10195,,14203,229.09888707491115,14204,A41,5,Baltimore Street,25
12,99,1,98,2,477791991,6502,,14212,210.67663360560871,14212,A40,5,Concord Street,25
12,1627,1601,1616,1608,477786925,1361,,14211,43.464728228839803,14211,A31,4,Genesee Street,35
12,65,1,60,2,477788833,8155,,14209,191.99863020348204,14203,A41,4,East North Street,25
12,99,1,98,2,477791117,1070,,14212,260.38220228844074,14212,A41,5,North Central Avenue,25
12,331,327,332,328,477788789,7980,,14201,10.794040022161568,14201,A41,4,North Street,25
12,99,1,98,2,477792313,7811,,14202,204.72836119036398,14202,A73,5,Asbury Alley,15
12,57,1,54,2,477796853,10698,,14210,66.155757675757911,14210,A41,5,Orman Place,25
12,199,1,198,2,477786926,1360,,14211,551.58041513815124,14211,A41,5,Nevada Avenue,25
12,99,1,98,2,477790795,6433,,14212,192.90855087369124,14212,A41,5,Schmarbeck Avenue,25
12,17,1,32,2,477795706,10968,,14206,52.447494696807382,14206,A41,5,Manitoba Street,25
12,,,120,2,477796245,742,,14206,150.07433091640792,14206,A41,5,Cherokee Place,25
01,315,303,322,300,477793057,7348,5,14203,27.149639040421924,14203,A21,4,Ellicott Street,35
12,99,1,98,2,477789161,6411,,14211,259.16870182073603,14211,A40,5,Howlett Street,25
12,99,1,98,2,477793655,9247,,14202,99.089914879863557,14202,A41,5,Marina Park South,25
12,199,1,198,2,477788469,6391,,14211,456.96527294479637,14211,A41,5,Ivy Street,25
12,,,,,477794588,7586,,14202,4.3828050377886019,14202,A35,5,Erie Street,35
12,203,1,198,2,477792028,9210,,14201,96.21243698201917,14201,A41,5,Efner Street,25
12,98,2,99,1,477790895,6436,,14212,317.0479374149632,14212,A41,5,Becker Street,25
12,99,1,98,2,477791245,7879,,14201,213.44003607587709,14201,A41,5,Garden Alley,25
12,147,121,146,120,477794196,6672,,14206,15.903288968605601,14206,A41,5,Montgomery Street,25
12,301,275,298,276,477789921,7939,,14201,79.460638054014581,14201,A40,5,Hudson Street,25
12,35,1,36,2,477792370,7805,,14202,129.8872780530414,14202,A40,5,Cary Street,25
12,71,1,72,2,477789118,1123,,14211,171.92924416773485,14211,A41,5,Fay Street,25
12,401,385,400,384,477792822,6627,,14212,69.904313171699144,14206,A40,5,Peckham Street,25
12,63,1,68,2,477794012,6694,,14206,196.90789318840675,14206,A40,5,Krettner Street,25
10,,,,,477796396,10976,,14206,68.214606569038892,14206,A75,5,Parking Lot,15
12,77,1,76,2,477795423,10934,,14206,243.92040361572344,14206,A40,5,Jones Street,25
12,239,153,236,152,477787094,8355,,14222,260.61993608139312,14222,A40,5,Norwood Avenue,25
12,,,,,800031795,7357,,14202,7.1236671734138985,14202,A31,4,Huron Street,35
12,55,1,22,2,484722738,9629,,14210,86.869121864338425,14210,A41,5,Ensign Street,25
12,,,,,477794717,7563,,14202,19.053436056762585,14202,A45,5,Lakefront Boulevard,25
12,,,,,477798610,10506,,14210,3.545278550546072,14210,A31,4,Hamburg Street,35
12,65,59,58,56,477798742,9672,,14204,18.697149515197001,14204,A31,4,South Street,35
12,65,45,62,44,477792759,7336,,14203,55.273910662996663,14203,A31,4,East Huron Street,35
12,107,83,114,84,477798229,10485,,14204,80.913645326208581,14204,A41,5,Oconnell Avenue,25
12,119,1,124,2,477791275,6474,,14212,385.46935827114328,14212,A40,5,Woltz Avenue,25
12,29,1,36,2,477791544,1005,,14212,93.06641553191119,14212,A41,5,Brownell Street,25
12,309,309,322,318,477797437,10474,,14204,16.374141198145988,14204,A31,4,Louisiana Street,35
12,1,1,2,2,477791771,6495,,14212,4.8089187974077747,14212,A40,5,Geneva Street,25
12,11,1,12,2,477793733,7480,,14203,13.795220186675369,14203,A41,5,East Eagle Street,25
12,199,129,198,136,477791898,6532,,14212,80.442849899792051,14212,A41,5,Grimes Street,25
12,105,63,106,60,477797159,10741,,14210,82.349691559676558,14210,A41,5,Van Rensselaer Street,25
12,,,36,36,513312387,9946,,14202,15.553604084253687,14202,A41,4,Upper Terrace Street,25
12,387,363,388,364,477791988,6514,,14212,74.940072057499805,14212,A41,5,Curtiss Street,25
12,519,473,520,470,477797335,10739,,14210,12.689215893818815,14210,A40,5,Fulton Street,25
12,73,1,72,2,477794528,10818,,14206,137.49659231416518,14210,A41,5,Fritz Alley,25
12,99,1,98,2,477787888,8327,,14213,121.81944128511466,14213,A40,5,Union Place,25
12,199,1,198,2,477793553,6541,,14206,337.98907216001777,14206,A41,5,Msgr Valente Drive,25
12,309,201,306,200,477791802,9120,,14201,214.00887948890718,14201,A40,5,Busti Avenue,25
12,99,41,98,42,477792924,7776,,14202,81.934737791551612,14202,A41,5,Flint Alley,25
12,21,1,100,2,477796310,10907,,14210,99.850927386971492,14210,A41,5,Hardwood Place,25
12,,,,,800031791,7819,,14203,7.8692938056647526,14203,A41,5,Chippewa Street,25
12,69,31,72,36,477797231,10429,,14210,113.18976720572681,14210,A41,5,Red Jacket Street,25
12,99,1,98,2,477794273,6667,,14206,146.69008010083616,14206,A40,5,Olga Place,25
12,479,365,478,366,477787726,1352,,14211,353.52267134285358,14211,A41,5,Goodyear Avenue,25
12,55,27,56,26,477792445,7332,,14203,102.43943820622565,14203,A41,4,East Chippewa Street,25
12,,,,,506020614,7971,,14201,4.4637652266458527,14201,A71,5,Symphony Circle,5
12,57,1,54,2,477787360,8258,,14209,186.8256430418312,14209,A41,5,Northampton Street,25
15,,,,,477791364,9179,,14201,26.446211241512945,14201,A71,6,Walkway,5
12,99,1,98,2,477793049,7709,,14202,132.84865326836837,14202,A41,5,Staats Street,25
12,,,,,477828207,8937,,14201,5.7441535493994715,14201,A41,5,Jersey Street,25
12,13,1,14,2,477797201,10462,,14204,60.884777243959689,14204,A41,5,Hayward Street,25
12,31,1,48,2,477791915,7809,,14201,131.12322296214845,14201,A40,5,South Johnson Park,25
12,45,1,48,2,477794838,10881,,14206,48.876777717084245,14210,A41,5,West Fleming Street,25
12,35,23,,,477793188,9240,,14202,39.647878620048559,14202,A40,5,Harbour Pointe Common,25
12,199,81,198,82,477789749,1055,,14212,85.420732846354596,14212,A41,5,Pullman Place,25
12,91,1,92,2,477788473,6394,,14211,281.07087664842942,14211,A41,4,Moselle Street,25
12,299,139,298,134,477790488,7855,,14201,172.07263603867352,14201,A30,4,Edward Street,35
12,199,93,198,94,477789759,1089,,14212,145.87396203542787,14212,A41,5,Liddell Street,25
12,99,23,98,22,477792171,6500,,14212,170.53753541076367,14212,A40,5,Newton Street,25
12,53,1,50,2,477795711,10927,,14206,175.99792328299279,14206,A40,5,Laux Street,25
12,39,21,40,22,477787731,1355,,14211,85.414927266823383,14211,A41,5,Mckibben Street,25
12,237,219,236,214,477789615,8018,,14201,62.537192933429232,14201,A31,4,Allen Street,35
12,51,1,46,2,477788018,8305,,14222,141.78350424253762,14222,A41,5,Oakland Place,25
12,115,1,122,2,477791883,6520,,14212,194.46829073183019,14212,A41,5,Mohr Street,25
12,,,40,2,507666570,7687,,14202,85.149337223744595,14202,A45,5,Perkins Drive,25
12,165,93,166,96,477796459,10971,,14206,237.67024908401913,14206,A41,5,Baitz Avenue,25
14,,,,,484722967,10537,,14210,94.243305834380052,14210,A74,5,Driveway,15
12,199,99,198,98,477791822,6487,,14212,76.686377538667998,14212,A41,5,Kent Street,25
12,29,1,30,2,477792364,7817,,14202,92.831162402544791,14202,A41,5,West Chippewa Street,25
12,53,31,66,32,477793321,6647,,14206,109.51406937680454,14206,A31,4,Memorial Drive,35
12,199,99,198,100,477791276,6439,,14212,136.43070651947366,14212,A41,5,Young Street,25
12,,,,,477795146,9919,,14202,8.964290267443749,14202,A41,5,Perry Boulevard,25
12,181,117,178,124,477787292,1329,,14211,188.02046042609203,14211,A41,5,Burgard Place,25
12,145,1,146,2,477788014,8320,,14222,465.53929930720835,14222,A40,5,Ashland Avenue,25
12,199,17,198,12,477791281,1008,,14212,279.7575324212026,14212,A41,5,Deshler Street,25
12,99,1,98,2,477796106,743,,14206,150.00489874548919,14206,A41,5,Peru Place,25
12,125,115,128,122,477797236,10231,,14204,43.629889984473778,14204,A41,5,Chicago Street,25
12,85,1,86,2,477788424,6397,,14211,268.16876029888039,14211,A41,5,Bissell Avenue,25
12,197,167,,,477798679,10536,,14210,66.637506705753992,14210,A41,5,Katherine Street,25
12,97,23,90,28,477791889,6531,,14212,194.22855531615809,14212,A41,5,Krupp Avenue,25
12,293,157,284,148,477790518,6814,,14211,457.96032128799141,14211,A41,4,Herman Street,25
12,47,1,50,2,477791707,998,,14212,143.97784065664189,14212,A41,5,Swinburne Street,25
12,99,1,98,2,477792373,6509,,14212,103.31082087748371,14212,A41,5,Hilton Street,25
12,199,79,198,76,477789048,6408,,14211,221.13979311757282,14211,A40,5,Gittere Street,25
12,,,,,600049296,9189,,14201,42.754467754349115,14201,A62,5,Dar Drive,15
12,31,1,36,2,477794446,6559,,14206,109.55246596953469,14206,A41,5,Lyman Street,25
12,93,1,88,2,477790265,7862,,14201,290.67485369391858,14201,A31,4,Elmwood Avenue,35
12,121,1,120,2,477792185,7756,,14201,211.15657599914363,14201,A40,4,Prospect Avenue,25
12,177,1,174,2,477792449,6591,,14212,258.94332236993586,14212,A40,5,Playter Street,25
12,280,398,278,218,477794048,9265,,14202,145.86688173356339,14202,A41,5,Rivermist Drive,25
12,999,891,998,890,477795855,10904,,14210,74.177921166932251,14210,A41,5,South Division Street,25
01,847,839,846,838,477791863,6801,954L,14212,37.445113165837014,14212,A31,3,Broadway,35
12,199,1,198,2,477792380,6508,,14212,93.491821993779297,14212,A41,5,Bryson Street,25
12,99,21,98,16,477787177,1357,,14211,76.193864582405226,14211,A41,5,Lansdale Place,25
12,285,247,284,246,477794488,6711,,14206,137.07076785370725,14206,A41,5,Bristol Street,25
12,99,1,98,2,477789467,8013,,14201,173.16235320814769,14201,A40,5,Saint Johns Place,25
12,199,1,198,2,477791621,7885,,14201,67.011263382064584,14201,A41,5,Johnson Park,25
12,,,,,510092565,9962,,14202,67.649952697634262,14202,A40,5,Lower Terrace,25
12,51,1,52,2,477794344,6554,,14206,142.45980063339579,14206,A41,5,Holt Street,25
12,407,181,406,182,477794361,7621,,14202,36.775175132542543,14202,A41,5,Gull Landing,25
12,99,1,98,2,477791506,6491,,14212,174.41587279432525,14212,A40,5,Brighton Avenue,25
12,299,219,298,220,477794546,10885,,14206,150.23228681686669,14206,A41,5,Oneida Street,25
12,159,137,160,154,477827557,7902,,14201,54.213438370901095,14201,A30,3,Virginia Street,35
12,281,245,280,242,477789658,9083,,14201,108.45217609618301,14201,A30,4,Pennsylvania Street,35
12,165,105,172,108,477792820,6630,,14212,197.34656748919059,14212,A40,5,Townsend Street,25
12,,,,,477795222,9878,,14202,14.494959609355629,14202,A31,5,Marine Drive,35
12,35,1,34,2,477790032,8981,,14201,148.32722746580637,14201,A41,5,Corral Drive,25
12,99,1,198,2,477796838,10994,,14206,178.48465368152318,14206,A40,5,Kirkover Street,25
12,,,,,477797427,10687,,14210,11.874919052524238,14210,A41,5,Selkirk Street,25
12,119,1,120,2,477795482,746,,14206,385.92817767078753,14206,A31,4,Dingens Street,35
12,,,,,507666575,7685,,14202,12.188487948222924,14202,A62,3,Niagara Square,35
12,99,25,98,24,477793058,7349,,14203,101.81211764818494,14203,A41,5,East Mohawk Street,25
12,85,1,82,2,477790642,6428,,14212,262.29474954219967,14212,A40,4,Miller Avenue,25
12,171,151,164,146,477797686,10468,,14204,80.696400167473016,14204,A41,5,Mackinaw Street,25
12,99,41,98,46,477794162,6674,,14206,123.70411472538031,14206,A41,5,Pink Street,25
12,263,163,264,162,477789157,1094,,14211,243.41041512618474,14211,A41,5,Koons Avenue,25
12,29,1,30,2,477789125,8149,,14203,88.986215370204462,14203,A41,5,Goodrich Street,25
12,99,1,98,2,513312385,10092,,14202,20.232590047262658,14202,A71,5,Hsbc Center,5
12,285,257,286,258,477792461,6619,,14212,94.504827919043336,14212,A41,5,Paderewski Drive,25
12,45,7,112,12,477793623,7667,,14202,217.50879322185926,14202,A41,5,4th Street,25
12,199,1,198,2,477790528,1048,,14212,385.45485637659164,14212,A41,5,Stone Street,25
01,19,1,,,477794064,7463,5,14202,96.90450660307981,14202,A25,2,Church Street,35
12,99,1,198,2,477795762,10768,,14210,135.92923804245544,14210,A41,5,Baltic Place,25
01,201,177,204,178,477792540,7802,5,14202,83.972638996292815,14202,A31,3,Delaware Avenue,35
12,711,701,710,700,477795217,10807,,14210,44.806433689694551,14210,A41,5,North Division Street,25
12,217,171,214,172,477795237,10853,,14210,127.81171151361866,14210,A40,5,James Street,25
12,,,,,600019638,7675,,14202,21.480089144233112,14202,A41,5,Upper Terrace,15
12,198,2,199,1,477796309,10910,,14210,180.60327858173224,14210,A41,5,Dillon Street,25
12,99,1,98,2,477794699,10941,,14206,138.6318689371744,14206,A41,5,Klaus Street,25
12,99,1,98,2,477791871,6616,,14212,94.586267502115646,14212,A40,5,Sienkiewicz Place,25
12,99,1,198,2,477795547,10787,,14210,177.92004721218274,14210,A41,5,Bass Alley,25
12,175,75,176,76,477796265,11003,,14206,237.13415414929688,14206,A41,5,Gilbert Street,25
12,165,139,164,132,477794518,10948,,14206,97.247093252826218,14206,A41,5,Lewis Street,25
12,199,79,198,80,477791289,6529,,14212,226.97232257484544,14212,A41,5,Peck Street,25
12,173,1,174,2,477793578,991,,14206,549.9632273598296,14206,A41,5,Central Avenue,25
12,99,97,198,188,477791317,7877,,14201,13.409179691476719,14201,A41,5,Tracy Street,25
12,99,25,52,26,477791540,8088,,14203,101.56282095330661,14203,A31,3,East Tupper Street,35
12,61,1,62,2,477790271,8059,,14201,206.94205589927208,14201,A40,5,Park Street,25
12,439,281,438,282,477791592,6808,,14212,507.23712457244943,14212,A40,5,Wilson Street,25
12,99,1,98,2,477794418,6665,,14206,150.42047099829966,14206,A40,5,Steuben Alley,25
12,199,97,198,98,477789614,8017,,14201,311.14941592330302,14201,A40,5,Mariner Street,25
01,899,835,904,832,477790291,8075,5,14202,205.010835078779,14203,A21,3,Main Street,35
12,99,1,98,2,477796676,10405,,14204,79.083041198723308,14204,A41,5,Pillsbury Place,25
12,33,3,34,4,513312382,10076,,14203,79.637979694182121,14203,A41,4,Exchange Street,25
12,95,71,96,72,477790181,6317,,14212,87.139999999966577,14212,A41,5,Stanislaus Street,25
